#,Name,GP,NO,SOLO,ASST,TOT,TFL-YDS,SACKS-YDS,INT,BU,QBH,FR,FF,KICK,SAF,Year
33,"33 McGee, Aaron",11,,27,41,68.0,4.0-19,2.0-15,1,1,0,0,1,0,0,2012
10,"10 Polson, Keith",11,,32,28,60.0,0-0,0-0,0,1,0,0,0,0,0,2012
55,"55 Galich, Dustin",8,,20,35,55.0,6.0-20,3.0-15,0,1,0,2,0,0,0,2012
30,"30 Jackson, Nick",11,,18,32,50.0,5.0-19,2.5-11,1,1,0,0,1,0,0,2012
21,"21 Stevens, L.J.",10,,23,26,49.0,4.0-11,1.0-7,2,3,0,2,0,0,0,2012
84,"84 Hyland, Matt",11,,10,34,44.0,7.5-19,4.0-12,0,0,0,0,0,0,0,2012
20,"20 Wingate, Todd",11,,24,20,44.0,3.0-8,0-0,0,4,0,1,2,0,0,2012
38,"38 Behm, Pat",11,,20,23,43.0,3.5-11,1.5-6,0,2,0,1,1,0,0,2012
52,"52 Otto, Niko",11,,12,28,40.0,3.5-10,1.5-6,0,1,0,0,1,0,0,2012
90,"90 Augustin, Serge",11,,13,20,33.0,13.0-56,8.0-40,0,0,0,0,1,0,0,2012
3,"3 Huggins, Deonte",11,,19,11,30.0,4.0-14,0-0,1,5,0,0,0,0,0,2012
37,"37 Foster, Michael",11,,15,13,28.0,2.0-4,0-0,0,6,0,0,0,0,0,2012
27,"27 Robinson, Linnell",11,,19,6,25.0,0.5-1,0-0,3,8,0,1,2,0,0,2012
11,"11 Brown, Mike",11,,13,9,22.0,0.5-1,0-0,0,2,0,1,0,0,0,2012
2,"2 Davis, Aunre'",8,,14,8,22.0,0.5-1,0-0,0,4,0,0,0,0,0,2012
42,"42 Haraczy, Bobby",11,,7,13,20.0,1.0-1,0-0,0,1,0,0,0,0,0,2012
26,"26 Kimball, Colin",10,,14,6,20.0,1.0-1,0-0,0,4,0,0,0,0,0,2012
54,"54 Latimer, T.J.",11,,12,8,20.0,0-0,0-0,0,0,0,1,0,1,1,2012
45,"45 Wild, Garrett",11,,10,10,20.0,1.5-3,0-0,0,1,0,1,1,0,0,2012
47,"47 Hansford, Curtis",10,,5,11,16.0,3.0-18,0.5-3,0,0,0,0,0,0,0,2012
31,"31 Oduho, Martin",8,,5,7,12.0,0-0,0-0,0,0,0,0,1,0,0,2012
22,"22 Mathews, Ricky",11,,5,6,11.0,2.0-11,2.0-11,0,0,0,0,0,0,0,2012
95,"95 Craig, Jr., Sascha",5,,3,7,10.0,0.5-2,0.5-2,0,0,0,0,0,0,0,2012
92,"92 Houston, Tyler",7,,4,6,10.0,0.5-2,0.5-2,0,0,0,0,0,0,0,2012
28,"28 Lyle, Chris",11,,5,4,9.0,0-0,0-0,0,0,0,0,1,1,0,2012
7,"7 Rock, Vladmir",11,,6,2,8.0,0-0,0-0,0,0,0,0,0,2,0,2012
43,"43 Dever, Joe",9,,6,1,7.0,3.0-10,0-0,0,0,0,0,0,0,0,2012
23,"23 Harold, Josh",11,,4,1,5.0,0-0,0-0,0,0,0,0,0,0,0,2012
53,"53 Kurpakus, Nick",9,,3,2,5.0,0-0,0-0,0,0,0,0,0,0,0,2012
60,"60 Poropat, Kevin",11,,0,3,3.0,0.5-0,0-0,0,0,0,0,0,0,0,2012
75,"75 Dawson, Tyler",11,,2,0,2.0,0-0,0-0,0,0,0,0,0,0,0,2012
34,"34 Gallop, Leon",11,,1,1,2.0,0-0,0-0,0,0,0,0,0,0,0,2012
50,"50 Baronner, Jeremy",4,,0,1,1.0,0-0,0-0,0,0,0,0,0,0,0,2012
40,"40 Groene, Jeff",7,,0,1,1.0,0-0,0-0,0,0,0,0,0,0,0,2012
8,"8 Ii, Allen jones",10,,1,0,1.0,0-0,0-0,0,0,0,0,0,0,0,2012
9,"9 Lumpkin, Ozzie",8,,1,0,1.0,0-0,0-0,0,0,0,0,0,0,0,2012
80,"80 Molle', Matt",1,,1,0,1.0,0-0,0-0,0,0,0,0,0,0,0,2012
35,"35 Teal, Danny",2,,1,0,1.0,0-0,0-0,0,0,0,0,0,0,0,2012
97,"97 Wakefield, Steven",11,,1,0,1.0,0-0,0-0,0,0,0,0,0,0,0,2012
85,"85 Williams, Jaquan",4,,0,1,1.0,0-0,0-0,0,0,0,0,0,0,0,2012
17,"17 Woods, Devyn",11,,1,0,1.0,0-0,0-0,0,0,0,0,0,0,0,2012
81,"81 Yarbrough, Steve",10,,1,0,1.0,0-0,0-0,0,0,0,0,0,0,0,2012
29,"29 Stewart, Tevin",3,,0,0,0,0-0,0-0,1,0,0,0,0,0,0,2012
38,"38 Behm, Pat",11,,48,23,71.0,2.0-7,0-0,1,1,1,0,1,0,0,2013
55,"55 Galich, Dustin",11,,30,28,58.0,12.5-37,4.0-21,0,1,3,0,1,0,0,2013
43,"43 Dever, Joe",11,,36,20,56.0,7.0-27,2.0-16,0,0,3,4,2,0,0,2013
21,"21 Foster, Michael",11,,38,18,56.0,1.0-3,0-0,0,4,0,0,0,1,0,2013
26,"26 Kimball, Colin",11,,35,21,56.0,3.0-14,0-0,6,4,0,0,0,0,0,2013
52,"52 Otto, Niko",10,,30,24,54.0,3.0-7,1.0-3,0,2,0,0,1,0,0,2013
45,"45 Wild, Garrett",11,,23,19,42.0,3.5-12,1.0-4,1,3,0,0,1,2,0,2013
2,"2 Davis, Aunre'",9,,24,7,31.0,0-0,0-0,1,6,0,0,0,0,0,2013
90,"90 Augustin, Serge",10,,18,10,28.0,10.0-32,5.0-25,0,0,3,0,2,1,0,2013
60,"60 Carroll, Ryan",11,,20,4,24.0,8.0-19,2.0-11,0,0,1,0,0,0,0,2013
84,"84 Hyland, Matt",11,,14,9,23.0,4.0-11,2.0-7,0,0,0,0,0,0,0,2013
22,"22 Mathews, Ricky",11,,17,6,23.0,1.0-12,1.0-12,0,1,2,1,2,0,0,2013
23,"23 Stewart, Tevin",11,,16,6,22.0,0-0,0-0,1,1,0,1,0,0,0,2013
10,"10 Polson, Keith",9,,18,3,21.0,2.0-5,0-0,0,0,0,0,0,0,0,2013
27,"K robinson jr
                                    27 K robinson jr",10,,13,7,20.0,0-0,0-0,0,6,0,0,0,0,0,2013
11,"11 Brown, Mike",10,,15,5,20.0,4.5-19,1.0-8,2,0,0,0,1,0,0,2013
32,"32 Williams, Vishawn",9,,12,8,20.0,3.5-15,1.0-7,0,0,0,0,0,0,0,2013
1,"1 Huggins, Deonte",7,,16,3,19.0,2.0-6,0-0,3,3,0,0,1,0,0,2013
48,"48 Latimer, T.J.",11,,9,7,16.0,0-0,0-0,0,0,0,0,0,0,0,2013
92,"92 Abercrombie, Benji",11,,5,6,11.0,1.0-2,0-0,0,1,0,0,0,0,0,2013
57,"57 Dolegala, Jarrett",10,,8,3,11.0,0-0,0-0,0,1,0,0,0,0,0,2013
47,"47 Hansford, Curtis",10,,6,5,11.0,2.0-13,2.0-13,0,0,2,0,0,0,0,2013
53,"53 Kurpakus, Nick",9,,8,2,10.0,2.0-6,0-0,0,0,0,0,0,0,0,2013
56,"56 Powell, Sean",4,,4,6,10.0,0-0,0.5-0,0,0,0,0,0,0,0,2013
42,"42 Haraczy, Bobby",8,,5,4,9.0,0-0,0-0,0,0,0,0,0,0,0,2013
29,"29 Stevens, Dorian",8,,7,2,9.0,0-0,0-0,0,1,0,0,0,0,0,2013
8,"8 Ii, Allen jones",10,,7,0,7.0,0-0,0-0,0,0,0,0,0,0,0,2013
8,"8 Jones II, Allen",10,,7,0,7.0,0-0,0-0,0,0,0,0,0,0,0,2013
7,"7 Rock, Vladmir",11,,5,2,7.0,0-0,0-0,0,0,0,0,0,0,0,2013
37,"37 Cromwell, Rafiyq",3,,2,1,3.0,0-0,0-0,0,0,0,0,0,0,0,2013
17,"17 Williams, Jaquan",11,,2,1,3.0,0-0,0-0,0,0,0,0,0,0,0,2013
83,"83 Bongiorni, Dylan",11,,1,1,2.0,0-0,0-0,0,0,0,0,0,0,0,2013
78,"78 Green, Jake",11,,2,0,2.0,0-0,0-0,0,0,0,0,0,0,0,2013
48,"48 J. latimer, T",1,,2,0,2.0,0-0,0-0,0,0,0,0,0,0,0,2013
28,"28 Lyle, Chris",6,,1,0,1.0,0-0,0-0,0,0,0,0,0,0,0,2013
44,"44 Natter, Bruno",3,,0,1,1.0,0-0,0-0,0,0,0,0,0,0,0,2013
14,"14 Robinson, Drew",7,,1,0,1.0,0-0,0-0,0,0,0,0,0,0,0,2013
15,"15 Snipes, Marcus",8,,1,0,1.0,0-0,0-0,0,0,0,0,0,0,0,2013
97,"97 Wakefield, Steven",10,,1,0,1.0,0-0,0-0,0,0,0,0,0,0,0,2013
81,"81 Yarbrough, Stephen",10,,1,0,1.0,0-0,0-0,0,0,0,0,0,0,0,2013
TM,"Team
                                    TM Team",9,,0,0,0,0-0,0-0,0,0,0,0,0,0,2,2013
43,"43 Dever, Joe",10,,40,21,61.0,8.0-19,0-0,0,5,1,0,0,0,0,2014
21,"21 Foster, Michael",10,,45,14,59.0,2.5-10,1.0-5,1,4,0,1,1,0,0,2014
26,"26 Kimball, Colin",10,,50,8,58.0,3.5-5,0-0,5,3,0,0,0,0,0,2014
2,"2 K. robinson, Jr",10,,38,9,47.0,1.5-2,0-0,1,4,0,0,0,0,0,2014
45,"45 Wild, Garrett",10,,33,8,41.0,2.5-8,0-0,1,2,0,0,0,2,0,2014
38,"38 Behm, Pat",10,,22,18,40.0,3.0-4,0-0,0,1,3,1,0,1,0,2014
39,"39 Slonac, Nick",10,,24,14,38.0,6.0-14,1.0-8,0,2,0,0,0,0,0,2014
1,"1 Huggins, Deonte",10,,28,8,36.0,1.0-3,0-0,0,7,0,0,0,1,0,2014
47,"47 Hansford, Curtis",10,,23,12,35.0,4.0-11,1.0-6,0,0,1,0,1,0,0,2014
11,"11 Williams, Vishawn",10,,25,5,30.0,3.0-6,1.0-1,1,1,1,0,1,0,0,2014
29,"29 Stevens, Dorian",10,,18,9,27.0,0-0,0-0,1,1,0,0,1,0,0,2014
92,"92 Abercrombie, Benji",10,,19,6,25.0,1.0-3,0-0,0,0,2,0,1,0,0,2014
53,"53 Kurpakus, Nick",10,,14,8,22.0,4.0-31,2.0-25,0,0,1,1,1,2,0,2014
52,"52 Plonski, Jakob",10,,11,7,18.0,1.0-2,0-0,1,1,1,0,0,0,0,2014
44,"44 Natter, Bruno",8,,12,4,16.0,0-0,0-0,0,0,0,1,0,0,0,2014
50,"50 Golinello, Frank",7,,10,5,15.0,0-0,0-0,0,0,0,0,1,0,0,2014
8,"8 Smith, Alex",9,,12,3,15.0,0-0,0-0,0,1,0,0,0,0,0,2014
94,"94 Wright, Jazz",10,,14,1,15.0,1.0-8,1.0-8,0,0,0,0,0,0,0,2014
96,"96 Karasek, James",7,,11,2,13.0,0-0,0-0,0,0,0,0,0,1,0,2014
10,"10 Polson, Keith",7,,8,5,13.0,1.0-2,0-0,0,0,0,0,0,0,0,2014
95,"95 Gonzalez, Michael",10,,12,0,12.0,2.0-7,1.0-6,0,0,1,0,1,0,0,2014
4,"4 Stewart, Tevin",10,,11,1,12.0,0-0,0-0,1,3,0,0,0,0,0,2014
31,"31 Iii, T higgins",10,,5,4,9.0,0-0,0-0,0,0,0,0,0,0,0,2014
48,"48 Latimer, T.J.",9,,5,3,8.0,0-0,0-0,0,0,0,0,0,0,0,2014
75,"75 Brooks, Austin",7,,5,2,7.0,1.0-4,1.0-4,0,0,0,0,0,0,0,2014
60,"60 Carroll, Ryan",4,,2,4,6.0,0-0,0-0,0,0,0,0,0,0,0,2014
23,"23 Owens, Rocky",10,,3,2,5.0,0-0,0-0,0,0,0,0,0,0,0,2014
71,"71 Benjamin, Darrell",4,,1,3,4.0,0-0,0-0,0,0,0,0,0,0,0,2014
83,"83 Bongiorni, Dylan",10,,4,0,4.0,0-0,0-0,0,0,0,0,0,0,0,2014
27,"27 Robinson, Drew",10,,2,2,4.0,0-0,0-0,0,0,0,0,0,0,0,2014
93,"93 Kondis, Dylan",10,,3,0,3.0,0-0,0-0,0,0,0,1,0,0,0,2014
88,"88 Miller, Andrew",8,,1,2,3.0,0-0,0-0,0,0,0,0,0,0,0,2014
20,"20 Oduho, Martin",6,,1,2,3.0,0-0,0-0,0,1,0,0,0,0,0,2014
3,"3 Briggs, Kyle",8,,1,0,1.0,0-0,0-0,0,0,0,0,0,0,0,2014
16,"16 Emerick, Zach",7,,1,0,1.0,0-0,0-0,0,0,0,0,0,0,0,2014
81,"81 Yarbrough, Stephen",10,,1,0,1.0,0-0,0-0,0,0,0,0,0,0,0,2014
22,"22 Ellis, Tarique",11,,77,25,102.0,2.5-14,1.0-9,0,4,0,1,0,0,0,2015
43,"43 Dever, Joe",11,,50,37,87.0,6.0-10,0.5-0,2,3,0,0,1,0,0,2015
44,"44 Natter, Bruno",11,,37,33,70.0,1.0-1,0-0,0,0,0,0,0,0,0,2015
52,"52 Plonski, Jakob",7,,33,17,50.0,5.0-20,0-0,0,0,1,1,0,1,0,2015
29,"29 Stevens, Dorian",11,,34,16,50.0,1.0-3,0-0,4,2,0,1,1,0,0,2015
2,"2 K. robinson, Jr",10,,33,15,48.0,0-0,0-0,1,4,0,0,0,0,0,2015
25,"25 Owens, Rocky",10,,25,14,39.0,3.0-18,1.0-11,0,0,0,0,0,1,0,2015
4,"4 Stewart, Tevin",11,,30,8,38.0,0-0,0-0,5,7,0,1,0,0,0,2015
92,"92 Abercrombie, Benji",11,,20,17,37.0,8.5-29,3.0-18,0,0,2,0,0,0,0,2015
96,"96 Karasek, James",11,,22,13,35.0,6.5-14,1.0-6,0,4,2,0,0,0,0,2015
31,"31 Iii, T higgins",11,,14,10,24.0,1.0-1,0-0,0,0,1,0,1,0,0,2015
50,"50 Drew, Austin",10,,11,11,22.0,2.0-9,0-0,0,0,4,0,0,0,0,2015
60,"60 Carroll, Ryan",11,,9,12,21.0,2.0-2,0-0,0,0,3,0,0,1,0,2015
91,"91 Blackston, T",11,,10,9,19.0,2.0-5,0-0,0,0,3,0,0,0,0,2015
12,"12 Redwood, Dante",11,,12,6,18.0,1.5-2,0-0,0,2,0,0,0,2,0,2015
75,"75 Brooks, Austin",9,,8,8,16.0,2.5-6,1.0-5,0,1,1,0,0,0,0,2015
3,"3 Briggs, Kyle",11,,10,3,13.0,0-0,0-0,0,2,0,0,0,0,0,2015
6,"6 Young, Ben",11,,9,4,13.0,0-0,0-0,0,0,0,0,1,0,0,2015
40,"40 Peluso, Chris",9,,6,4,10.0,0-0,0-0,0,0,0,0,0,0,0,2015
65,"65 Ryan, Conall",9,,3,4,7.0,0.5-0,0-0,0,0,0,0,0,0,0,2015
83,"83 Bongiorni, Dylan",11,,4,2,6.0,0-0,0-0,0,0,0,0,0,1,0,2015
42,"42 Struna, Kazimer",9,,4,2,6.0,0-0,0-0,0,0,0,0,0,0,0,2015
30,"30 Bowden, Jonah",7,,2,3,5.0,0-0,0-0,0,0,0,0,0,0,0,2015
5,"5 Sanders, Richie",11,,4,1,5.0,0-0,0-0,0,0,0,0,0,0,0,2015
32,"32 Williams, Trae",9,,2,3,5.0,0-0,0-0,0,0,0,0,0,0,0,2015
26,"26 Marsh, Akeel",1,,4,0,4.0,0-0,0-0,0,0,0,0,0,0,0,2015
20,"20 Oduho, Martin",6,,3,1,4.0,0-0,0-0,0,0,0,0,0,0,0,2015
39,"39 Slonac, Nick",5,,1,3,4.0,0-0,0-0,0,0,0,0,0,0,0,2015
71,"71 Benjamin, Darrell",3,,1,2,3.0,0-0,0-0,0,0,0,0,0,0,0,2015
24,"24 Brown-Dukes, Brandon",11,,2,1,3.0,0-0,0-0,0,0,0,0,0,0,0,2015
48,"48 Latimer, T.J.",11,,2,1,3.0,0-0,0-0,0,0,0,0,0,0,0,2015
14,"14 Smith, Zach",10,,3,0,3.0,0-0,0-0,0,0,0,0,0,0,0,2015
90,"90 Bardusch, Andrew",4,,1,1,2.0,1.0-5,0-0,0,0,0,0,0,0,0,2015
55,"55 Frye, Fernando",10,,2,0,2.0,0-0,0-0,0,0,0,0,0,0,0,2015
93,"93 Kondis, Dylan",11,,1,1,2.0,0-0,0-0,0,0,0,0,0,0,0,2015
16,"16 Emerick, Zach",8,,0,1,1.0,0-0,0-0,0,0,0,0,0,0,0,2015
,"Miller, Devin",1,,0,1,1.0,0-0,0-0,0,0,0,0,0,0,0,2015
85,"85 Mostoller, Bryce",10,,1,0,1.0,0-0,0-0,0,0,0,0,0,0,0,2015
62,"62 Paugh, Josh",4,,1,0,1.0,0-0,0-0,0,0,0,0,0,0,0,2015
27,"27 Robinson, Drew",11,,1,0,1.0,0-0,0-0,0,0,0,0,0,0,0,2015
8,"8 Smith, Alex",1,,1,0,1.0,0-0,0-0,0,0,0,0,0,0,0,2015
1,"1 Williams, FJ",11,,1,0,1.0,0-0,0-0,0,0,0,0,0,0,0,2015
17,"17 Williams, Jaquan",10,,1,0,1.0,0-0,0-0,0,0,0,0,0,0,0,2015
21,"21 Marsh, Akeel",11,,50,33,83.0,0.5-1,0-0,0,1,0,0,0,1,0,2016
22,"22 Ellis, Tarique",11,,37,22,59.0,5.0-14,0-0,1,4,0,0,0,0,0,2016
29,"29 Stevens, Dorian",11,,28,25,53.0,1.0-7,0-0,2,7,0,0,2,0,0,2016
6,"6 Young, Ben",11,,37,16,53.0,2.0-3,0-0,0,9,0,0,0,0,0,2016
92,"92 Abercrombie, Benji",11,,31,21,52.0,12.0-43,2.5-28,0,0,0,1,1,0,0,2016
25,"25 Owens, Rocky",10,,25,20,45.0,2.5-12,2.0-11,0,0,0,0,0,0,0,2016
1,"1 Redwood, Dante",9,,35,10,45.0,0-0,0-0,1,7,0,0,0,1,0,2016
39,"39 Slonac, Nick",11,,18,22,40.0,4.5-13,1.5-2,0,0,1,0,1,1,0,2016
45,"45 Drew, Austin",11,,17,14,31.0,4.0-18,2.0-16,0,0,0,0,0,0,0,2016
31,"31 Higgins, Thomas",10,,15,14,29.0,1.5-1,0-0,0,1,1,0,0,0,0,2016
60,"60 Carroll, Ryan",11,,11,16,27.0,2.5-5,0-0,0,2,1,0,0,0,0,2016
37,"37 Kessler, Corbin",11,,15,12,27.0,0.5-1,0-0,0,3,1,0,0,0,0,2016
91,"91 Blackston, Theo",10,,13,13,26.0,6.0-24,3.0-18,0,1,1,0,0,0,0,2016
42,"42 Struna, Kazimer",10,,14,12,26.0,1.5-6,1.0-6,1,1,0,0,0,0,0,2016
52,"52 Plonski, Jakob",5,,15,9,24.0,6.5-34,3.5-23,0,0,0,1,0,0,0,2016
75,"75 Brooks, Austin",10,,9,8,17.0,1.0-5,0.5-5,0,1,0,0,0,0,0,2016
33,"33 Peluso, Chris",9,,8,8,16.0,4.5-23,2.5-19,0,0,1,0,0,0,0,2016
2,"2 Smith, E'Andre",11,,11,4,15.0,0-0,0-0,0,0,0,0,2,1,0,2016
3,"3 Briggs, Kyle",11,,11,1,12.0,0-0,0-0,1,2,0,0,0,0,0,2016
24,"24 McDowell, Emmanuel",10,,9,2,11.0,0-0,0-0,0,1,0,1,0,0,0,2016
20,"20 Tarasovitch, Jake",11,,6,3,9.0,1.0-3,0-0,0,0,0,0,0,0,0,2016
64,"64 Dell, Collin",9,,1,7,8.0,0.5-1,0.5-1,0,0,1,0,0,0,0,2016
38,"38 Lawless, Quinn",6,,3,5,8.0,0-0,0-0,0,0,0,0,0,0,0,2016
32,"32 Williams, Trae",10,,2,5,7.0,0-0,0-0,0,0,0,0,0,0,0,2016
30,"30 Smith, Chris",8,,3,2,5.0,0-0,0-0,0,2,0,0,0,0,0,2016
98,"98 Walsh, Quinn",6,,0,5,5.0,0.5-3,0-0,0,0,0,0,0,0,0,2016
36,"36 Bauer, Pierce",11,,2,2,4.0,0-0,0-0,0,0,0,0,0,0,0,2016
28,"28 Hawkins, Justin",8,,3,1,4.0,0-0,0-0,0,0,0,0,1,0,0,2016
49,"49 Jones, Avery",11,,2,2,4.0,0-0,0-0,0,0,1,0,0,2,0,2016
48,"48 Zacharyasz, Alex",5,,0,4,4.0,0-0,0-0,0,0,0,0,0,0,0,2016
80,"80 Novak, Brad",11,,3,0,3.0,0-0,0-0,0,0,0,0,0,0,0,2016
65,"65 Ryan, Conall",5,,2,1,3.0,1.0-1,0-0,0,0,0,0,0,0,0,2016
9,"9 Smith, Alex",10,,1,2,3.0,0-0,0-0,0,0,0,0,0,0,0,2016
71,"71 Benjamin, Darrell",1,,1,1,2.0,0-0,0-0,0,0,0,0,0,0,0,2016
40,"40 Hanford, Jeremy",4,,2,0,2.0,0-0,0-0,0,0,0,0,0,0,0,2016
95,"95 Zernechel, Spencer",4,,2,0,2.0,0-0,0-0,0,0,0,0,0,0,0,2016
86,"86 Carbone, Joe",10,,1,0,1.0,0-0,0-0,0,0,0,0,0,0,0,2016
72,"72 Carter, Craig",11,,0,1,1.0,0-0,0-0,0,0,0,0,0,0,0,2016
13,"13 Clay, Danavian",11,,1,0,1.0,0-0,0-0,0,0,0,0,0,0,0,2016
99,"99 Cole, Brendan",3,,0,1,1.0,0.5-2,0-0,0,0,0,0,0,0,0,2016
93,"93 Kondis, Dylan",11,,1,0,1.0,0-0,0-0,0,0,0,0,0,0,0,2016
8,"8 Matthews, Brian",9,,1,0,1.0,0-0,0-0,0,0,0,0,0,0,0,2016
85,"85 Mostoller, Bryce",11,,1,0,1.0,0-0,0-0,0,0,0,0,0,0,0,2016
66,"66 Pantaleon, Fred",11,,1,0,1.0,0-0,0-0,0,0,0,0,0,0,0,2016
TM,"Team
                                    TM Team",7,,1,0,1.0,0-0,0-0,0,0,0,1,0,1,1,2016
26,"26 Cummings, Ryan",1,,0,0,0,0-0,0-0,0,0,0,1,0,0,0,2016
20,"20 Tarasovitch, Jake",11,,46,42,88.0,3.0-5,0-0,0,1,0,0,0,0,0,2017
40,"40 Scro, Joseph",11,,40,30,70.0,4.0-12,2.0-10,2,0,1,0,1,0,0,2017
5,"5 Ellis, Tarique",11,,38,29,67.0,1.0-2,0-0,1,5,0,0,1,0,0,2017
24,"24 Kessler, Corbin",11,,39,25,64.0,4.0-14,1.0-8,2,4,1,2,1,0,0,2017
11,"11 Zacharyasz, Alex",7,,28,33,61.0,4.0-10,1.5-5,0,1,0,0,0,0,0,2017
6,"6 Young, Ben",11,,39,19,58.0,2.0-6,0-0,0,6,0,0,0,0,0,2017
42,"42 Struna, Kaz",11,,26,29,55.0,3.5-21,2.0-17,0,0,1,0,0,0,0,2017
1,"1 Redwood, Dante",11,,39,12,51.0,2.0-4,0-0,2,14,0,0,0,0,0,2017
33,"33 Peluso, Chris",11,,25,20,45.0,3.0-14,2.0-10,0,1,0,0,1,0,0,2017
93,"93 Welton, Andrew",10,,22,14,36.0,10.5-30,5.0-20,0,1,0,0,2,0,0,2017
75,"75 Brooks, Austin",11,,18,15,33.0,4.0-10,1.0-2,0,1,0,1,0,0,0,2017
38,"38 Drew, Austin",11,,12,5,17.0,2.0-7,2.0-7,0,0,0,0,0,0,0,2017
19,"19 Caldwell, Henry",9,,10,4,14.0,1.0-1,0-0,0,0,0,0,0,0,0,2017
25,"25 Owens, Rocky",2,,7,6,13.0,1.0-3,0-0,0,0,0,0,0,0,0,2017
59,"59 Omorogbe, Uwaila",9,,5,7,12.0,1.5-6,0.5-1,0,1,1,1,0,0,0,2017
50,"50 Gregory, Jehrod",7,,4,6,10.0,1.0-8,1.0-8,0,1,0,0,0,0,0,2017
22,"22 McDowell, Emmanuel",11,,6,4,10.0,0-0,0-0,2,3,0,0,0,0,0,2017
98,"98 Walsh, Quinn",11,,5,5,10.0,0.5-1,0-0,0,0,0,0,0,0,0,2017
96,"96 Martin, Xavier",10,,3,5,8.0,0.5-0,0-0,0,0,0,0,0,0,0,2017
59,"59 Omorgobe, Uwaila",2,,1,4,5.0,0-0,0-0,0,0,0,0,0,0,0,2017
83,"83 Altavilla, Nick",11,,1,3,4.0,0-0,0-0,0,0,0,0,0,0,0,2017
95,"95 Hudson, Matthew",6,,2,2,4.0,0-0,0-0,0,0,0,0,0,0,0,2017
31,"31 Rodriguez, Dante",4,,1,3,4.0,0-0,0-0,0,0,0,0,0,0,0,2017
27,"27 Taylor, Grayson",9,,2,2,4.0,0.5-0,0-0,0,0,0,1,0,0,0,2017
99,"99 Cole, Brendan",11,,3,0,3.0,0-0,0-0,0,0,0,0,1,0,0,2017
13,"13 Merritt, Hunter",5,,3,0,3.0,0-0,0-0,0,0,0,0,0,0,0,2017
,"Carter, Craig",3,,1,1,2.0,0-0,0-0,0,0,0,0,0,0,0,2017
55,"55 Everette, Dremar",4,,0,2,2.0,0-0,0-0,0,0,0,0,0,0,0,2017
17,"17 Lawless, Quinn",6,,1,1,2.0,0-0,0-0,0,0,0,0,0,0,0,2017
12,"12 Mefferd, Gunner",1,,1,1,2.0,0-0,0-0,0,0,0,0,0,0,0,2017
28,"28 Thompson, Cameron",10,,0,2,2.0,0-0,0-0,0,0,0,0,0,0,0,2017
23,"23 Waldron, Clay",11,,2,0,2.0,0-0,0-0,0,0,0,0,0,0,0,2017
15,"15 Altavilla, Doug",11,,1,0,1.0,0-0,0-0,0,0,0,0,0,0,0,2017
4,"4 Clay, Danavian",7,,0,1,1.0,0-0,0-0,0,0,0,0,0,0,0,2017
58,"58 Harrison, Payne",11,,0,1,1.0,0-0,0-0,0,0,0,0,0,0,0,2017
92,"92 Klotz, Stephen",10,,0,1,1.0,0-0,0-0,0,0,0,0,0,0,0,2017
43,"43 Leverich, Aubrey",5,,0,1,1.0,0-0,0-0,0,0,0,0,0,0,0,2017
29,"29 LoChiatto, Jon",9,,1,0,1.0,0-0,0-0,0,0,0,0,0,0,0,2017
80,"80 Novak, Brad",11,,1,0,1.0,0-0,0-0,0,0,0,0,0,0,0,2017
21,"21 Owens, Garrett",10,,1,0,1.0,0-0,0-0,0,0,0,0,0,0,0,2017
73,"73 Rogalla, Dustin",11,,0,1,1.0,0-0,0-0,0,0,0,0,0,0,0,2017
48,"48 Sever, Tom",3,,0,1,1.0,0-0,0-0,0,0,0,0,0,0,0,2017
14,"14 Smith, Zach",11,,0,1,1.0,0-0,0-0,0,0,0,0,0,0,0,2017
78,"78 Stauss, Steven",9,,1,0,1.0,0-0,0-0,0,0,0,0,0,0,0,2017
20,"20 Tarasovitch, Jake",11,,37,43,80.0,2.5-12,1.0-8,0,2,0,1,1,0,0,2018
6,"6 Kessler, Corbin",11,,43,29,72.0,6.5-19,1.0-9,1,5,0,0,0,0,0,2018
5,"5 Owens, Rocky",11,,34,35,69.0,10.0-33,3.5-21,1,1,0,0,1,0,0,2018
33,"33 Peluso, Chris",11,,29,39,68.0,14.0-67,7.5-50,0,1,0,1,0,0,0,2018
1,"1 Redwood, Dante",11,,35,22,57.0,0.5-2,0-0,3,17,0,0,1,0,0,2018
2,"2 Rodriguez, Dante",9,,31,19,50.0,2.0-3,0-0,0,3,1,1,0,0,0,2018
8,"8 Caldwell, Henry",10,,31,14,45.0,0-0,0-0,1,9,0,0,0,0,0,2018
11,"11 Zacharyasz, Alex",10,,19,22,41.0,2.5-6,0-0,0,0,1,0,0,0,0,2018
24,"24 Scro, Joseph",11,,18,11,29.0,0-0,0-0,1,0,0,0,0,0,0,2018
50,"50 Gregory, Jehrod",11,,7,19,26.0,4.0-10,0.5-1,0,1,0,0,1,0,0,2018
42,"42 Struna, Kaz",11,,7,18,25.0,1.5-9,1.0-8,0,1,0,0,0,0,0,2018
96,"96 Martin, Xavier",11,,11,13,24.0,5.5-27,2.0-10,0,1,0,0,1,0,0,2018
59,"59 Omorogbe, Uwaila",11,,10,13,23.0,4.5-16,1.5-12,0,2,0,0,1,0,0,2018
26,"26 Weimer, Alex",7,,15,7,22.0,1.0-1,0-0,1,2,0,0,0,0,0,2018
9,"9 LoChiatto, Jon",11,,8,8,16.0,0-0,0-0,0,3,0,0,0,0,0,2018
77,"77 Thompson Jr., Ayron",9,,9,6,15.0,2.5-7,1.0-4,0,0,0,0,0,0,0,2018
77,"77 Thompson Jr., Ayron",9,,9,6,15.0,2.5-7,1.0-4,0,0,0,0,0,0,0,2018
41,"41 Zacharyasz, Thomas",11,,6,9,15.0,1.0-2,0-0,0,0,1,0,0,0,0,2018
38,"38 Drew, Austin",11,,7,7,14.0,3.5-21,2.5-18,0,1,0,1,0,0,0,2018
95,"95 Hudson, Matthew",11,,6,7,13.0,1.5-2,0.5-0,0,2,0,0,0,0,0,2018
71,"71 Williams, Eljon",11,,3,7,10.0,1.0-6,1.0-6,0,0,0,0,0,0,0,2018
13,"13 Merritt, Hunter",11,,7,2,9.0,0.5-1,0-0,0,0,0,0,0,0,0,2018
99,"99 Cole, Brendan",11,,7,0,7.0,1.0-12,1.0-12,0,0,0,0,0,0,0,2018
31,"31 Holl, Jacob",11,,4,2,6.0,0-0,0-0,0,0,0,0,0,0,0,2018
83,"83 Altavilla, Nick",11,,2,3,5.0,0-0,0-0,0,0,0,0,0,0,0,2018
44,"44 Blackston, T",11,,4,1,5.0,0-0,0-0,0,0,0,0,0,0,0,2018
54,"54 Burrows, Bradley",7,,2,3,5.0,0-0,0-0,0,0,0,0,0,0,0,2018
43,"43 Leverich, Aubrey",10,,2,3,5.0,0-0,0-0,0,0,0,0,0,0,0,2018
23,"23 Waldron, Clay",11,,2,2,4.0,0-0,0-0,0,0,0,0,0,0,0,2018
4,"4 Watson, Cortez",11,,3,0,3.0,0-0,0-0,0,0,0,0,1,0,0,2018
70,"70 Baillie, Nate",11,,1,1,2.0,0-0,0-0,0,0,0,0,0,0,0,2018
94,"94 Carter, Craig",11,,1,1,2.0,0-0,0-0,0,0,0,0,0,0,0,2018
TM,"Team
                                    TM Team",9,,2,0,2.0,0-0,0-0,0,0,0,0,1,0,1,2018
36,"36 Armstrong, Jason",3,,1,0,1.0,0-0,0-0,0,0,0,0,0,0,0,2018
25,"25 Green, Fredrick",11,,1,0,1.0,0-0,0-0,0,0,0,0,0,0,0,2018
75,"75 Greller, Will",1,,0,1,1.0,0-0,0-0,0,0,0,0,0,0,0,2018
58,"58 Harrison, Payne",3,,1,0,1.0,0-0,0-0,0,0,0,0,0,0,0,2018
92,"92 Klotz, Stephen",9,,1,0,1.0,0-0,0-0,0,0,0,0,0,0,0,2018
85,"85 Mostoller, Bryce",11,,1,0,1.0,0-0,0-0,0,0,0,0,0,0,0,2018
84,"84 O'Brien, Cordell",4,,0,1,1.0,0-0,0-0,0,0,0,0,0,0,0,2018
21,"21 Owens, Garrett",9,,1,0,1.0,0-0,0-0,0,0,0,0,0,0,0,2018
10,"10 Placke, Marcus",11,,1,0,1.0,0-0,0-0,0,0,0,0,0,0,0,2018
61,"61 Wall, Dylan",1,,0,1,1.0,0.5-1,0-0,0,0,0,0,0,0,0,2018
18,"18 Weyand, Jacob",1,,1,0,1.0,0-0,0-0,0,0,0,0,0,0,0,2018
40,"40 Zernechel, Spencer",5,,0,1,1.0,0-0,0-0,0,0,0,0,0,0,0,2018
22,"22 Brickman, Keith",8,,0,0,0,0-0,0-0,1,0,0,0,0,0,0,2018
11,"11 Zacharyasz, Alex",11,,37,52,89.0,3.0-7,1.0-2,0,1,1,0,1,0,0,2019
12,"12 Tarasovitch, Jake",11,,40,36,76.0,3.0-4,0-0,2,2,0,0,2,0,0,2019
7,"7 Scro, Joseph",11,,33,42,75.0,4.0-13,1.0-7,2,1,3,1,1,0,0,2019
6,"6 Kessler, Corbin",11,,31,32,63.0,10.0-43,2.0-21,0,8,0,2,0,0,0,2019
16,"16 Burrows, Bradley",11,,18,21,39.0,11.5-47,7.5-40,1,2,1,1,3,0,0,2019
13,"13 Merritt, Hunter",9,,19,18,37.0,1.0-2,0-0,3,3,0,0,0,0,0,2019
59,"59 Omorogbe, Uwaila",9,,10,27,37.0,2.0-1,0-0,0,0,0,1,1,0,0,2019
55,"55 Thompson Jr., Ayron",11,,18,18,36.0,11.0-53,4.5-32,0,0,0,0,0,0,0,2019
55,"55 Thompson Jr., Ayron",11,,18,18,36.0,11.0-53,4.5-32,0,0,0,0,0,0,0,2019
22,"22 Brickman, Keith",11,,23,9,32.0,2.0-6,0-0,0,8,0,1,0,0,0,2019
31,"31 Holl, Jacob",9,,13,14,27.0,2.5-20,2.5-20,0,1,0,1,0,0,0,2019
9,"9 LoChiatto, Jon",11,,16,11,27.0,2.0-10,0-0,3,3,0,0,0,0,0,2019
98,"98 Williams, Eljon",11,,3,23,26.0,1.0-5,0.5-4,0,0,1,0,0,0,0,2019
26,"26 Funa, Ryan",11,,8,13,21.0,2.5-4,0-0,1,0,0,0,1,0,0,2019
95,"95 Hudson, Matthew",11,,3,18,21.0,1.0-2,0.5-1,0,0,1,0,0,0,0,2019
78,"78 Tillman, RJ",10,,1,19,20.0,0.5-1,0-0,0,0,0,0,0,0,0,2019
24,"24 Shuker, Cole",11,,8,11,19.0,2.0-4,0.5-3,0,1,0,0,0,0,0,2019
1,"1 Dumas, Myles",8,,12,0,12.0,1.0-1,0-0,0,4,0,0,0,0,0,2019
33,"33 Reese, Tarrie",11,,6,6,12.0,0-0,0-0,0,0,0,0,0,0,0,2019
32,"32 Walsh, Quinn",9,,6,6,12.0,2.5-18,2.5-18,0,0,0,1,0,0,0,2019
17,"17 Gregory, Jehrod",3,,4,5,9.0,3.0-17,0-0,0,0,0,0,0,0,0,2019
43,"43 Leverich, Aubrey",8,,1,6,7.0,1.0-6,1.0-6,0,0,0,0,0,0,0,2019
99,"99 Cole, Brendan",11,,4,2,6.0,0-0,0-0,0,0,0,0,0,0,0,2019
20,"20 Isom, Daquan",10,,5,1,6.0,0-0,0-0,0,0,0,0,0,0,0,2019
42,"42 Lawless, Quinn",11,,2,4,6.0,0.5-2,0.5-2,1,0,0,1,1,1,0,2019
8,"8 Zacharyasz, Thomas",4,,2,4,6.0,0-0,0-0,0,0,0,0,0,0,0,2019
2,"2 Rodriguez, Dante",9,,3,2,5.0,0-0,0-0,0,0,0,0,0,0,0,2019
5,"5 Altavilla, Nick",11,,1,3,4.0,0-0,0-0,0,0,0,0,0,0,0,2019
10,"10 Placke, Marcus",10,,2,2,4.0,0-0,0-0,0,0,0,0,0,0,0,2019
44,"44 Wall, Dylan",7,,0,4,4.0,0-0,0-0,0,0,0,0,0,0,0,2019
67,"67 Sanders, Travis",4,,1,2,3.0,0-0,0-0,0,0,0,0,0,0,0,2019
23,"23 Waldron, Clay",11,,3,0,3.0,0-0,0-0,0,0,0,0,0,0,0,2019
4,"4 Watson, Cortez",11,,2,1,3.0,0-0,0-0,0,0,0,0,0,0,0,2019
82,"Justin hill jr
                                    82 Justin hill jr",2,,1,0,1.0,0-0,0-0,0,0,0,0,0,0,0,2019
36,"36 Armstrong, Jason",11,,1,0,1.0,0-0,0-0,0,0,0,0,0,0,0,2019
25,"25 Cooper, Diondre",5,,0,1,1.0,0-0,0-0,0,0,0,0,0,0,0,2019
3,"3 Hence, Austin",4,,0,1,1.0,0-0,0-0,0,0,0,0,0,0,0,2019
92,"92 Klotz, Stephen",10,,1,0,1.0,0-0,0-0,0,0,0,0,0,0,0,2019
58,"58 Lambert, Jack",8,,1,0,1.0,0-0,0-0,0,0,0,0,0,0,0,2019
21,"21 Owens, Garrett",11,,1,0,1.0,0-0,0-0,0,0,0,0,0,0,0,2019
37,"37 Shoaf, Dustin",11,,1,0,1.0,0-0,0-0,0,0,0,0,0,0,0,2019
27,"27 Taylor, Grayson",3,,0,1,1.0,0-0,0-0,0,0,0,0,0,0,0,2019
38,"38 Williams, Harris",1,,0,1,1.0,0-0,0-0,0,0,0,0,0,0,0,2019
TM,"Team
                                    TM Team",6,,0,0,0,0-0,0-0,0,0,0,0,0,0,1,2019
16,"16 Burrows, Bradley",1,,10,3,13.0,5.5-25,2.5-15,0,0,0,0,1,0,0,2020
8,"8 Zacharyasz, Tho",1,,9,4,13.0,1.0-1,0-0,0,1,0,0,0,0,0,2020
21,"21 Holl, Jacob",1,,1,6,7.0,0-0,0-0,0,0,0,0,0,0,0,2020
78,"78 Tillman, RJ",1,,3,3,6.0,0-0,0-0,0,0,0,0,0,0,0,2020
4,"4 Allen, John",1,,3,1,4.0,0-0,0-0,0,1,0,0,0,0,0,2020
11,"11 Funa, Ryan",1,,2,2,4.0,0-0,0-0,0,0,0,0,0,0,0,2020
17,"17 Gregory, Jehrod",1,,2,2,4.0,0.5-3,0.5-3,0,1,0,1,0,0,0,2020
2,"2 Helsley, Zack",1,,1,3,4.0,0-0,0-0,0,1,0,0,0,0,0,2020
22,"22 Brickman, Keith",1,,1,2,3.0,0-0,0-0,0,0,0,0,0,0,0,2020
55,"55 Thompson Jr., Ayron",1,,0,3,3.0,0-0,0-0,0,0,0,0,0,0,0,2020
51,"51 Wall, Dylan",1,,0,3,3.0,0.5-4,0.5-4,0,0,0,0,0,0,0,2020
56,"56 Hill, Zach",1,,0,2,2.0,0-0,0-0,0,0,0,0,0,0,0,2020
45,"45 Mallis, Max",1,,1,1,2.0,1.0-3,0-0,0,0,0,0,0,0,0,2020
3,"3 O'Brien, Cordell",1,,1,1,2.0,0-0,0-0,0,0,0,0,0,0,0,2020
24,"24 Valle-smith, Ja",1,,1,1,2.0,0-0,0-0,0,0,0,0,0,0,0,2020
83,"83 Beattie, Griffin",1,,1,0,1.0,0-0,0-0,0,0,0,0,0,0,0,2020
15,"15 Cooper, Diondre",1,,0,1,1.0,0.5-1,0.5-1,0,0,0,0,0,0,0,2020
14,"Ethanziegenfuss
                                    14 Ethanziegenfuss",1,,1,0,1.0,0-0,0-0,0,0,0,0,0,0,0,2020
32,"32 Impavido, Joe",1,,1,0,1.0,0-0,0-0,0,0,0,0,0,0,0,2020
49,"49 Novitski, Nevan",1,,1,0,1.0,0-0,0-0,0,0,0,0,0,0,0,2020
3,"3 Thomas, Zakri",1,,1,0,1.0,1.0-1,0-0,0,0,0,0,0,0,0,2020
21,"21 Holl, Jacob",11,,43,60,103.0,9.5-42,5.0-35,0,0,1,0,3,0,0,2021
8,"8 Zacharyasz, Thomas",7,,27,39,66.0,0-0,0-0,0,2,3,2,0,0,0,2021
11,"11 Funa, Ryan",11,,22,28,50.0,3.5-19,0-0,2,5,0,1,1,0,0,2021
22,"22 Brickman, Keith",11,,20,19,39.0,0-0,0-0,2,13,0,1,1,0,0,2021
2,"2 Burrows, Bradley",9,,17,22,39.0,9.0-41,5.5-36,1,2,1,0,0,0,1,2021
17,"17 Gregory, Jehrod",11,,14,24,38.0,2.5-11,1.5-8,0,0,2,1,0,0,0,2021
1,"1 Rodriguez, Dante",10,,19,11,30.0,2.0-3,0-0,1,5,1,0,1,0,0,2021
5,"5 Helsley, Zack",11,,17,12,29.0,2.0-2,0-0,1,1,0,1,0,0,0,2021
78,"78 Tillman, RJ",11,,13,16,29.0,1.5-10,1.0-10,0,0,0,0,0,0,0,2021
8,"8 Zacharyasz, Tho",3,,20,8,28.0,1.5-4,0-0,0,0,0,1,0,0,0,2021
3,"3 Thomas, Zakri",7,,17,10,27.0,1.5-3,0-0,1,4,1,0,0,0,0,2021
4,"4 Allen, John",10,,16,10,26.0,0.5-1,0-0,2,4,0,0,0,0,0,2021
32,"32 Impavido, Joe",9,,14,9,23.0,1.0-3,0-0,0,1,0,1,0,0,0,2021
51,"51 Wall, Dylan",11,,9,10,19.0,1.5-6,0-0,0,0,0,0,0,0,0,2021
55,"55 Thompson Jr., Ayron",7,,5,13,18.0,3.5-10,1.0-5,1,0,0,0,0,0,0,2021
55,"55 Thompson Jr., Ayron",7,,5,13,18.0,3.5-10,1.0-5,1,0,0,0,0,0,0,2021
95,"95 White, Camden",9,,8,7,15.0,3.5-16,2.5-15,0,0,0,0,0,0,0,2021
38,"38 Williams, Harris",9,,6,8,14.0,0.5-0,0-0,0,0,0,0,0,0,0,2021
46,"46 Hill, Zach",11,,7,6,13.0,0-0,0-0,0,0,0,0,0,0,0,2021
44,"44 Washington, Dakarai",6,,3,10,13.0,2.5-4,0-0,0,0,0,0,0,0,0,2021
8,"8 Zacharyasz, Thom",1,,4,9,13.0,0.5-4,0.5-4,0,0,0,0,0,0,0,2021
44,"44 Washington, Dak",2,,7,4,11.0,1.0-4,0-0,0,0,0,0,0,0,0,2021
45,"45 Mallis, Max",7,,3,7,10.0,2.5-10,1.0-5,0,1,0,0,0,0,0,2021
7,"7 McGhee, Dominic",8,,4,4,8.0,0-0,0-0,0,0,0,0,0,0,0,2021
57,"57 Taylor, Christian",7,,1,7,8.0,0-0,0-0,0,0,0,0,0,0,0,2021
24,"24 Valle-smith, Ja",3,,7,1,8.0,1.0-2,0-0,0,0,0,0,1,0,0,2021
24,"24 Valle-Smith, Jaquaivis",5,,2,5,7.0,0-0,0-0,0,0,0,0,0,0,0,2021
42,"42 Ferretti, Dillon",9,,4,2,6.0,0-0,0-0,0,0,0,0,0,0,0,2021
23,"23 Smith, Rondale",7,,5,1,6.0,0-0,0-0,0,0,0,0,0,0,0,2021
7,"7 Hill Jr., Justin",11,,4,1,5.0,0-0,0-0,0,0,0,0,0,0,0,2021
9,"9 Shoaf, Dustin",11,,2,3,5.0,0-0,0-0,0,0,0,0,1,0,0,2021
25,"25 Alize, David",11,,2,2,4.0,0-0,0-0,0,0,0,0,0,0,0,2021
57,"Christiantaylor
                                    57 Christiantaylor",3,,2,2,4.0,1.0-9,0-0,0,0,0,1,0,0,0,2021
15,"15 Cooper, Diondre",9,,3,1,4.0,0-0,0-0,0,0,0,0,0,0,0,2021
7,"7 Hill Jr., Justin",8,,3,1,4.0,0-0,0-0,0,0,0,0,0,0,0,2021
18,"18 Banks, Jonathan",5,,3,0,3.0,0-0,0-0,0,0,0,0,0,0,0,2021
3,"3 Barmore, Cameron",11,,3,0,3.0,0-0,0-0,0,0,0,0,0,0,0,2021
82,"82 Black, Brandon",6,,3,0,3.0,0-0,0-0,0,0,0,0,1,0,0,2021
75,"75 Greller, Will",3,,2,1,3.0,1.5-4,0-0,0,0,0,0,0,0,0,2021
27,"27 Laughlin, Erik",6,,2,1,3.0,0-0,0-0,0,0,0,0,0,0,0,2021
14,"14 Ziegenfuss, Ethan",4,,2,1,3.0,0-0,0-0,0,0,0,0,0,0,0,2021
6,"6 Armstrong, Jason",11,,2,0,2.0,0-0,0-0,0,0,0,0,0,0,0,2021
10,"10 Wright, Marquis",6,,1,1,2.0,0.5-0,0-0,0,0,0,0,0,0,0,2021
55,"A thompson jr
                                    55 A thompson jr",2,,1,0,1.0,0-0,0-0,0,0,0,0,0,0,0,2021
7,"Justin hill jr
                                    7 Justin hill jr",3,,1,0,1.0,0-0,0-0,0,0,0,0,0,0,0,2021
83,"83 Beattie, Griffin",7,,1,0,1.0,0-0,0-0,0,0,0,0,1,0,0,2021
70,"70 Bowen, Aaron",1,,1,0,1.0,0-0,0-0,0,0,0,0,0,0,0,2021
47,"47 Lippert, Alex",1,,1,0,1.0,0-0,0-0,0,0,0,0,0,0,0,2021
10,"10 Lowery, Michael",5,,1,0,1.0,0-0,0-0,0,0,0,0,0,0,0,2021
98,"98 Null, Collin",4,,0,1,1.0,0-0,0-0,0,0,0,0,0,0,0,2021
31,"31 Rodriguez, Ayron",6,,1,0,1.0,0-0,0-0,0,0,0,0,0,0,0,2021
14,"14 Ziegenfuss, Etha",1,,1,0,1.0,0-0,0-0,0,0,0,0,0,0,0,2021
79,"79 Zimmerman, Will",10,,1,0,1.0,0-0,0-0,0,0,0,0,0,0,0,2021
12,"12 Alsobrooks, Brian",10,,0,0,0,0-0,0-0,0,0,0,0,0,0,0,2021
48,"48 Banas, Sean",11,,0,0,0,0-0,0-0,0,0,0,0,0,0,0,2021
80,"80 Burris, Makai",11,,0,0,0,0-0,0-0,0,0,0,0,0,0,0,2021
19,"19 Carter, Joe",8,,0,0,0,0-0,0-0,0,0,0,0,0,0,0,2021
16,"16 Davison, Rylan",10,,0,0,0,0-0,0-0,0,0,0,0,0,0,0,2021
86,"86 Tate, Trevon",9,,0,0,0,0-0,0-0,0,0,0,0,0,0,0,2021
21,"21 Holl, Jacob",11,,79,50,129.0,14.5-51,2.5-17,2,3,0,2,2,0,0,2022
8,"8 Zacharyasz, Thomas",10,,61,52,113.0,7.0-37,1.5-15,1,3,0,0,0,0,0,2022
11,"11 Hill, Zach",10,,38,25,63.0,4.0-12,0.5-3,0,1,0,1,2,0,0,2022
22,"22 Brickman, Keith",11,,23,12,35.0,2.5-7,0-0,1,0,0,0,0,0,0,2022
7,"7 McGhee, Dominic",11,,21,12,33.0,0-0,0-0,0,1,0,0,0,0,0,2022
17,"17 Gregory, Jehrod",11,,21,11,32.0,4.5-16,1.0-6,0,0,0,0,0,0,0,2022
8,"8 Zacharyasz, Tho",3,,14,17,31.0,3.0-11,0-0,0,0,0,0,0,0,0,2022
5,"5 Helsley, Zack",10,,17,12,29.0,1.5-5,0-0,1,1,0,0,1,0,0,2022
51,"51 Wall, Dylan",11,,13,11,24.0,1.5-3,0-0,0,0,1,0,0,0,0,2022
4,"4 Allen, John",10,,16,7,23.0,0.5-1,0-0,0,3,0,0,0,1,0,2022
37,"37 Mauney, Marquis",10,,10,13,23.0,0.5-1,0-0,3,0,0,0,0,0,0,2022
20,"20 Novitski, Nevan",11,,9,14,23.0,1.5-13,1.0-12,0,0,0,1,0,0,0,2022
78,"78 Tillman, RJ",10,,12,8,20.0,0-0,0-0,0,0,0,0,0,0,0,2022
3,"3 Ferretti, Dillon",7,,11,8,19.0,2.0-15,1.0-14,1,0,0,0,0,0,0,2022
95,"95 White, Camden",11,,11,7,18.0,7.5-36,6.0-32,0,2,1,1,3,1,0,2022
47,"47 Taylor, Christian",8,,8,5,13.0,1.0-1,0-0,0,0,0,0,0,0,0,2022
44,"44 Washington, Dakarai",3,,7,6,13.0,0-0,0-0,0,0,0,0,0,0,0,2022
TM,"Team
                                    TM Team",9,,12,0,12.0,2.0-6,1.0-5,0,0,0,0,0,0,0,2022
42,"42 Mackey, Anthony",7,,9,2,11.0,0-0,0-0,0,1,0,0,0,0,0,2022
45,"45 Mallis, Max",7,,6,4,10.0,1.0-2,0-0,0,0,1,1,1,0,0,2022
55,"55 Thompson Jr., Ayron",5,,4,6,10.0,3.5-9,0.5-3,0,0,0,0,0,0,0,2022
55,"55 Thompson Jr., Ayron",5,,4,6,10.0,3.5-9,0.5-3,0,0,0,0,0,0,0,2022
10,"10 Wright, Marquis",5,,6,4,10.0,0-0,0-0,1,2,0,0,0,0,0,2022
53,"53 Benedict, Tyler",8,,7,2,9.0,0-0,0-0,0,0,0,0,0,0,0,2022
32,"32 Buterbaugh, Tyler",7,,7,1,8.0,1.0-1,0-0,0,0,0,0,0,0,0,2022
41,"41 Chmielewski, Matthias",3,,6,1,7.0,0-0,0-0,0,0,0,0,0,0,0,2022
55,"55 Thompson, Damon",3,,2,5,7.0,1.0-1,0-0,0,0,0,0,0,0,0,2022
98,"98 Brafi, Benedict",3,,2,3,5.0,0-0,0-0,0,0,1,0,0,0,0,2022
26,"26 Herman, Caden",4,,4,1,5.0,0-0,0-0,0,0,0,0,0,0,0,2022
15,"15 Cooper, Diondre",11,,2,2,4.0,0-0,0-0,0,0,0,0,0,0,0,2022
49,"49 Robinson, Shane",4,,4,0,4.0,0-0,0-0,0,0,0,0,0,0,0,2022
24,"24 Valle-Smith, Jaquaivis",4,,3,1,4.0,1.0-2,1.0-2,0,0,1,0,0,0,0,2022
44,"44 Washington, Dak",1,,2,2,4.0,0-0,0-0,0,0,0,0,0,0,0,2022
49,"49 Allen, Adam",3,,2,1,3.0,0-0,0-0,0,0,0,0,0,0,0,2022
92,"92 Bronco, Joseph",11,,1,2,3.0,0-0,0-0,0,0,0,0,0,0,0,2022
33,"33 Reese, Tarrie",2,,3,0,3.0,0-0,0-0,1,0,0,0,0,0,0,2022
9,"9 Shoaf, Dustin",9,,3,0,3.0,0-0,0-0,0,0,0,0,0,0,0,2022
28,"28 Butera, Jaylen",9,,2,0,2.0,0-0,0-0,0,0,0,1,1,0,0,2022
32,"32 Buterbaugh, Tyl",3,,2,0,2.0,0-0,0-0,0,0,0,0,0,0,0,2022
3,"3 Ferretti, Dillo",1,,2,0,2.0,0-0,0-0,0,0,0,0,0,0,0,2022
7,"7 Hill Jr., Justin",9,,0,2,2.0,0-0,0-0,0,0,0,0,0,0,0,2022
7,"7 Hill Jr., Justin",11,,0,2,2.0,0-0,0-0,0,0,0,0,0,0,0,2022
47,"47 Osborn, Mason",5,,2,0,2.0,0-0,0-0,0,0,0,0,0,0,0,2022
27,"27 Thomas, Aiden",2,,2,0,2.0,0-0,0-0,0,0,0,0,0,0,0,2022
24,"24 Valle-smith, Ja",2,,1,1,2.0,0-0,0-0,0,0,1,0,0,0,0,2022
43,,1,,0,1,1.0,0-0,0-0,0,0,0,0,0,0,0,2022
1,"1 Alize, David",9,,1,0,1.0,0-0,0-0,0,0,0,0,0,0,0,2022
6,"6 Armstrong, Jason",8,,1,0,1.0,0-0,0-0,0,0,0,0,0,0,0,2022
14,"14 Black, Braydon",2,,1,0,1.0,0-0,0-0,0,0,0,0,0,0,0,2022
13,"13 Burris, Makai",8,,1,0,1.0,0-0,0-0,0,0,0,0,0,0,0,2022
83,"83 Carlton, Rashaan",1,,1,0,1.0,0-0,0-0,0,0,0,0,0,0,0,2022
40,"40 Clark, Kobe",2,,0,1,1.0,0-0,0-0,0,0,0,0,0,0,0,2022
88,"88 Fisher, Ryan",3,,1,0,1.0,0-0,0-0,0,0,0,0,0,0,0,2022
75,"75 Greller, Will",3,,1,0,1.0,0-0,0-0,0,0,0,0,0,0,0,2022
10,"10 Lowery, Michael",8,,1,0,1.0,0-0,0-0,0,0,0,0,0,0,0,2022
45,"45 Millis, Max",1,,1,0,1.0,0-0,0-0,0,0,0,1,0,0,0,2022
85,"85 Mizgorski, Darin",9,,1,0,1.0,0-0,0-0,0,0,0,0,0,0,0,2022
77,"77 Null, Collin",11,,1,0,1.0,0-0,0-0,0,0,0,0,0,0,0,2022
40,"40 Pappas, Mike",2,,1,0,1.0,0-0,0-0,0,0,0,0,0,0,0,2022
60,"60 Susman, Taylor",1,,1,0,1.0,0-0,0-0,0,0,0,0,0,0,0,2022
47,"47 Taylor, Christi",2,,1,0,1.0,0-0,0-0,0,0,0,0,0,0,0,2022
61,"61 Welch, Ryan",9,,1,0,1.0,0-0,0-0,0,0,0,0,0,0,0,2022
49,"49 Zeltman, Michael",1,,1,0,1.0,0-0,0-0,0,0,0,0,0,0,0,2022
12,"12 Alsobrooks, Brian",11,,0,0,0,0-0,0-0,0,0,0,0,0,0,0,2022
2,"2 Barmore, Cameron",11,,0,0,0,0-0,0-0,0,0,0,0,0,0,0,2022
87,"87 Kerbacher, Joe",10,,0,0,0,0-0,0-0,0,0,0,0,0,0,0,2022
27,"27 Rodriguez, Ayron",2,,0,0,0,0-0,0-0,0,0,0,0,0,0,0,2022
86,"86 Tate, Trevon",10,,0,0,0,0-0,0-0,0,0,0,0,0,0,0,2022
11,"11 Hill, Zach",10,,26,40,66.0,2.0-4,0-0,0,3,0,0,0,0,0,2023
2,"2 Mackey, Anthony",11,,37,23,60.0,0-0,0-0,0,1,0,1,1,0,0,2023
5,"5 Helsley, Zack",11,,31,28,59.0,0-0,0-0,1,2,0,0,0,0,0,2023
22,"22 Taylor, Christian",9,,39,20,59.0,2.5-7,0-0,0,0,0,0,0,0,0,2023
32,"32 Buterbaugh, Tyler",8,,28,27,55.0,2.5-11,2.0-10,0,0,2,0,0,0,0,2023
95,"95 White, Camden",11,,18,33,51.0,6.5-28,2.5-21,0,1,2,1,1,0,0,2023
3,"3 Ferretti, Dillon",9,,13,21,34.0,1.0-3,1.0-3,0,2,0,0,0,0,0,2023
20,"20 Novitski, Nevan",11,,15,14,29.0,2.5-9,1.5-8,0,0,1,1,1,0,0,2023
32,"32 Buterbaugh, Tyl",2,,15,12,27.0,1.0-7,0-0,0,0,1,0,0,0,0,2023
15,"15 Elliot, Gregory",9,,16,10,26.0,0-0,0-0,1,2,0,0,0,0,0,2023
78,"78 Tillman, RJ",11,,8,16,24.0,0.5-1,0-0,1,1,1,0,0,0,0,2023
7,"7 McGhee, Dominic",11,,15,7,22.0,0-0,0-0,0,5,0,0,0,0,0,2023
38,"38 Mullins, Jerome",9,,11,8,19.0,0-0,0-0,0,1,0,0,0,0,0,2023
33,"33 Mauney, Marquis",6,,11,7,18.0,0-0,0-0,0,1,0,0,0,0,0,2023
99,"99 Royal, James",9,,9,9,18.0,1.0-8,1.0-8,0,0,0,0,0,0,0,2023
8,"8 Lewis, Adrian",10,,6,9,15.0,1.0-4,0-0,0,1,1,0,0,0,0,2023
0,"0 Malis, Max",10,,6,8,14.0,4.0-11,0-0,0,0,0,0,0,0,0,2023
30,"30 Binakonsky, Eli",2,,7,4,11.0,1.0-1,0-0,0,0,0,0,0,0,0,2023
24,"24 Burchard, Sam",5,,7,4,11.0,0-0,0-0,0,0,0,0,0,0,0,2023
4,"4 Impavido, Joe",10,,9,1,10.0,1.0-2,0-0,1,2,0,1,0,0,0,2023
17,"17 Banks, Damon",7,,3,6,9.0,0.5-2,0-0,0,0,0,0,0,0,0,2023
44,"44 Washington, Dakarai",3,,2,7,9.0,0-0,0-0,0,0,1,0,0,0,0,2023
27,"27 Benedict, Tyler",8,,3,5,8.0,0-0,0-0,0,2,0,1,0,0,0,2023
30,"30 Binakonsky, Elijah",5,,4,2,6.0,0-0,0-0,0,0,0,0,0,0,0,2023
3D,"3D Ferretti, Dillo",2,,2,4,6.0,0-0,0-0,0,0,0,0,0,0,0,2023
51,"51 Leavell, Jeff",6,,4,2,6.0,0-0,0-0,0,0,0,0,0,0,0,2023
6,"6 King, Jonas",6,,1,3,4.0,0-0,0-0,0,0,0,0,0,0,0,2023
83,"83 Beattie, Griffin",2,,3,0,3.0,0-0,0-0,0,0,0,1,0,0,0,2023
50,"50 Fisher, Peter",3,,2,1,3.0,0-0,0-0,0,0,0,0,0,0,0,2023
98,"98 Foliaki, Roland",2,,2,1,3.0,0-0,0-0,0,0,0,0,0,0,0,2023
83,"83 Beattie, Griffi",2,,2,0,2.0,0-0,0-0,0,0,0,0,0,0,0,2023
21,"21 Gundumura, Tend",1,,0,2,2.0,0-0,0-0,0,0,0,0,0,0,0,2023
4O,"4O Mizgorski, Dari",2,,2,0,2.0,0-0,0-0,0,0,0,0,0,0,0,2023
22,"22 Taylor, Christi",2,,1,1,2.0,0-0,0-0,0,0,0,0,0,0,0,2023
13,"13 Urena, Austin",11,,2,0,2.0,0-0,0-0,0,0,0,0,0,0,0,2023
2,"2 Barmore, Cameron",5,,1,0,1.0,0-0,0-0,0,0,0,0,0,0,0,2023
92,"92 Bronco, Joseph",11,,1,0,1.0,0-0,0-0,0,0,0,0,0,0,0,2023
54,"54 Brophy, Tyson",1,,1,0,1.0,0-0,0-0,0,0,0,0,0,0,0,2023
28,"28 Butera, Jaylen",11,,1,0,1.0,0-0,0-0,0,0,0,0,0,0,0,2023
9,"9 Dombkowski, Joe",2,,0,1,1.0,0-0,0-0,0,0,0,0,0,0,0,2023
35,"35 Grabowsky, Blaze",1,,0,1,1.0,0-0,0-0,0,0,0,0,0,0,0,2023
21,"21 Gundumura, Tendai",3,,0,1,1.0,0-0,0-0,0,0,0,0,0,0,0,2023
10,"10 Irving, Ken",2,,0,1,1.0,0-0,0-0,0,0,0,0,0,0,0,2023
5,"5 Kim, Austin",8,,1,0,1.0,0-0,0-0,0,0,0,0,0,0,0,2023
36,"36 Long III, Anthony",1,,1,0,1.0,0-0,0-0,0,0,0,0,0,0,0,2023
15,"15 Pappas, Mike",7,,1,0,1.0,0-0,0-0,0,1,0,0,0,0,0,2023
76,"76 Pustelak, Caden",2,,0,1,1.0,0-0,0-0,0,0,0,0,0,0,0,2023
46,"46 Pytlak, Russell",3,,1,0,1.0,0-0,0-0,0,0,0,0,0,0,0,2023
42,"42 Stewart, Austin",1,,0,1,1.0,0-0,0-0,0,0,0,0,0,0,0,2023
79,"79 Washington, Adrien",1,,0,1,1.0,0-0,0-0,0,0,0,0,0,0,0,2023
61,"61 Welch, Ryan",11,,1,0,1.0,0-0,0-0,0,0,0,0,0,0,0,2023
48,"48 Banas, Sean",4,,0,0,0,0-0,0-0,0,0,0,0,0,0,0,2023
14,"14 Black, Braydon",10,,0,0,0,0-0,0-0,0,0,0,0,0,0,0,2023
8,"8 Davison, Rylan",5,,0,0,0,0-0,0-0,0,0,0,0,0,0,0,2023
7,"7 Kerbacher, Joe",11,,0,0,0,0-0,0-0,0,0,0,0,0,0,0,2023
88,"88 Mechley, Ryan",4,,0,0,0,0-0,0-0,0,0,0,0,0,0,0,2023
40,"40 Miller, Ryan",2,,0,0,0,0-0,0-0,0,0,0,0,0,0,0,2023
4,"4 Mizgorski, Darin",9,,0,0,0,0-0,0-0,0,0,0,0,0,0,0,2023
94,"94 Nagucki, Nathan",9,,0,0,0,0-0,0-0,0,0,0,0,0,0,0,2023
3,"3 Rodriguez, Ayron",7,,0,0,0,0-0,0-0,0,0,0,0,0,0,0,2023
9,"9 Shoaf, Dustin",7,,0,0,0,0-0,0-0,0,0,0,0,0,0,0,2023
6,"6 Tate, Trevon",5,,0,0,0,0-0,0-0,0,0,0,0,0,0,0,2023
TM,"Team
                                    TM Team",10,,0,0,0,0-0,0-0,0,0,0,0,0,0,0,2023
32,"32 Buterbaugh, Tyler",11,,45,38,83.0,5.0-16,0-0,1,3,0,2,1,0,0,2024
44,"44 Hill, Zach",11,,26,51,77.0,2.0-6,0-0,0,1,0,0,1,0,0,2024
5,"5 Helsley, Zack",11,,29,33,62.0,3.0-10,0-0,1,3,0,1,1,0,0,2024
2,"2 Mackey, Anthony",11,,23,19,42.0,1.0-5,0-0,0,3,0,1,0,0,0,2024
11,"11 Thomas, Will",10,,17,22,39.0,1.5-2,0-0,1,1,1,0,0,0,0,2024
95,"95 White, Camden",11,,22,12,34.0,6.5-33,3.5-28,0,0,4,1,2,0,0,2024
1,"1 Graham, Elijah",7,,18,9,27.0,1.0-5,0-0,0,2,0,0,1,1,0,2024
3,"3 Ferretti, Dillon",10,,15,10,25.0,3.0-12,1.0-7,0,0,0,0,0,0,0,2024
4,"4 Banks, Damon",11,,11,13,24.0,6.0-13,2.0-7,0,0,0,0,0,0,0,2024
14,"14 Leavell, Jeff",11,,11,12,23.0,2.5-5,0-0,0,1,0,0,0,0,0,2024
39,"39 Beckwith, Braylon",10,,13,8,21.0,1.0-1,0-0,1,2,0,0,0,0,0,2024
99,"99 Royal, James",11,,13,8,21.0,2.0-10,1.0-8,0,0,0,0,1,0,0,2024
20,"20 Novitski, Nevan",9,,9,11,20.0,1.0-0,1.0-0,0,1,1,1,0,0,0,2024
6,"6 King, Jonas",10,,11,8,19.0,3.5-12,1.0-4,0,1,3,0,0,0,0,2024
7,"7 McGhee, Dominic",11,,11,8,19.0,1.0-3,0-0,1,3,0,1,0,0,0,2024
8,"8 Lewis, Adrian",11,,11,7,18.0,5.0-17,3.0-11,0,0,1,1,1,0,0,2024
0,"0 Malis, Max",10,,6,10,16.0,1.5-3,0-0,0,0,0,0,0,0,0,2024
38,"38 Marshall, Adonis",6,,8,4,12.0,0-0,0-0,0,1,0,1,0,0,0,2024
30,"30 Binakonsky, Elijah",7,,7,4,11.0,1.5-2,0-0,0,1,0,0,0,0,0,2024
16,"16 Wright, Travell",10,,8,3,11.0,0-0,0-0,0,0,0,0,0,0,0,2024
13,"13 Hill, Jaiden",8,,8,1,9.0,0-0,0-0,0,3,0,0,1,0,0,2024
19,"19 Laing, Kyler",5,,3,5,8.0,1.0-6,0.5-4,1,0,1,0,0,0,0,2024
25,"25 Mullins, Jerome",4,,3,3,6.0,0-0,0-0,2,3,0,0,0,0,0,2024
27,"27 Benedict, Tyler",5,,1,4,5.0,0-0,0-0,0,0,0,0,0,0,0,2024
47,"47 Carter, Patrick",4,,3,2,5.0,0-0,0-0,0,0,0,0,0,0,0,2024
31,"31 Hawkins Jr., Mark",3,,4,1,5.0,0-0,0-0,1,0,0,0,0,0,0,2024
10,"10 Huguely, Keon'te",6,,2,3,5.0,0-0,0-0,2,1,0,0,0,0,0,2024
12,"12 Humphries, Josh",4,,1,4,5.0,0-0,0-0,0,0,0,0,0,0,0,2024
17,"17 Scharriter, Colin",4,,2,3,5.0,0-0,0-0,0,0,0,0,0,0,0,2024
24,"24 Burchard, Sam",3,,2,2,4.0,0-0,0-0,0,0,0,0,0,0,0,2024
55,"55 McAndrews, Ramon",4,,2,1,3.0,0-0,0-0,0,0,0,0,0,0,0,2024
50,"50 Cobb Jr., Corey",2,,0,2,2.0,0-0,0-0,0,0,0,0,0,0,0,2024
15,"15 Mitchell, Jason",2,,2,0,2.0,0-0,0-0,0,0,0,0,0,0,0,2024
33,"33 Askew, Jordan",4,,0,1,1.0,0-0,0-0,0,0,0,0,0,1,0,2024
2,"2 Barmore, Cameron",11,,1,0,1.0,0-0,0-0,0,0,0,0,0,0,0,2024
36,"36 Bridges, Camariyon",3,,1,0,1.0,0-0,0-0,0,0,0,0,0,0,0,2024
8,"8 Davison, Rylan",11,,1,0,1.0,0-0,0-0,0,0,0,0,0,0,0,2024
18,"18 Dlugos, Daniel",1,,1,0,1.0,0-0,0-0,0,0,0,0,0,0,0,2024
86,"86 Fitzgerald, Deveyon",1,,1,0,1.0,0-0,0-0,0,0,0,0,0,0,0,2024
98,"98 Foliaki, Roland",1,,1,0,1.0,0-0,0-0,0,0,0,0,0,0,0,2024
12,"12 Gevaudan, Alex",2,,1,0,1.0,0-0,0-0,0,0,0,0,0,0,0,2024
54,"54 Jones, Payton",1,,1,0,1.0,0-0,0-0,0,0,0,0,0,0,0,2024
26,"26 Jordan, Anez",2,,1,0,1.0,0-0,0-0,0,1,0,0,0,0,0,2024
51,"51 Lin, Aidan",11,,0,1,1.0,0-0,0-0,0,0,0,0,0,0,0,2024
3,"3 Rodriguez, Ayron",11,,1,0,1.0,0-0,0-0,0,0,0,0,0,0,0,2024
TM,"Team
                                    TM Team",11,,1,0,1.0,0-0,0-0,0,0,0,0,0,0,0,2024
16,"16 Urena, Adam",11,,1,0,1.0,0-0,0-0,0,0,0,0,0,0,0,2024
13,"13 Urena, Austin",10,,1,0,1.0,0-0,0-0,0,0,0,0,0,0,0,2024
85,"85 Van Dyke, Evan",3,,1,0,1.0,0-0,0-0,0,0,0,0,0,0,0,2024
28,"28 Washington, Broderick",1,,1,0,1.0,0-0,0-0,0,0,0,0,0,0,0,2024
22,"22 Weis, Landon",2,,0,1,1.0,0-0,0-0,0,0,0,0,0,0,0,2024
83,"83 Williams, Nicholas",1,,1,0,1.0,0-0,0-0,0,0,0,0,0,0,0,2024
14,"14 Black, Braydon",8,,0,0,0,0-0,0-0,0,0,0,0,0,0,0,2024
6,"6 Davis, Chaz",10,,0,0,0,0-0,0-0,0,0,0,0,0,0,0,2024
9,"9 Davis III, Ernest",9,,0,0,0,0-0,0-0,0,0,0,0,0,0,0,2024
35,"35 Grabowsky, Blaze",1,,0,0,0,0-0,0-0,0,0,0,0,0,1,0,2024
7,"7 Kerbacher, Joe",10,,0,0,0,0-0,0-0,0,0,0,0,0,0,0,2024
42,"42 Knox, Ethen",1,,0,0,0,0-0,0-0,0,0,0,0,0,0,0,2024
29,"29 Mallett, Keonn",1,,0,0,0,0-0,0-0,0,1,0,0,0,0,0,2024
94,"94 Nagucki, Nathan",11,,0,0,0,0-0,0-0,0,0,0,0,0,0,0,2024
77,"77 Null, Collin",9,,0,0,0,0-0,0-0,0,0,0,0,0,0,0,2024
15,"15 Pappas, Mike",4,,0,0,0,0-0,0-0,0,0,0,0,0,0,0,2024
0,"0 Pytlak, Russell",11,,0,0,0,0-0,0-0,0,0,0,0,0,0,0,2024
1,"1 Trobel, Brian",11,,0,0,0,0-0,0-0,0,0,0,0,0,0,0,2024
61,"61 Welch, Ryan",10,,0,0,0,0-0,0-0,0,0,0,0,0,0,0,2024
14,"14 Leavell, Jeff",12,,42,38,80.0,3.5-4,0-0,0,1,1,0,0,0,0,2025
22,"22 Beckwith, Braylon",12,,33,29,62.0,4.5-13,0-0,0,5,0,1,0,0,0,2025
4,"4 Miller, Jake",12,,26,36,62.0,5.5-12,0-0,0,2,0,0,2,0,0,2025
2,"2 Mackey, Anthony",10,,36,24,60.0,2.0-3,0-0,0,1,0,0,0,0,0,2025
9,"9 Laing, Kyler",12,,17,20,37.0,7.0-28,3.5-19,0,0,7,0,0,0,0,2025
11,"11 Marshall, Adonis",12,,28,8,36.0,1.0-3,0-0,2,4,0,1,1,0,0,2025
6,"6 King, Jonas",12,,15,15,30.0,8.5-28,1.5-8,0,0,3,0,0,0,0,2025
32,"32 Allos, Jaiden",10,,20,9,29.0,2.0-9,1.0-7,0,3,0,1,0,0,0,2025
8,"8 Huguely, Keon'te",11,,15,14,29.0,2.0-11,1.0-10,0,0,0,0,0,1,0,2025
30,"30 Binakonsky, Elijah",12,,16,10,26.0,0.5-1,0-0,0,1,0,0,0,0,0,2025
19,"19 Carter, Cedric",11,,9,17,26.0,4.5-10,0-0,1,0,2,0,0,0,0,2025
3,"3 Wright, Travell",9,,10,15,25.0,1.0-6,0-0,0,1,0,0,0,0,0,2025
50,"50 Cobb Jr., Corey",12,,9,14,23.0,1.0-8,1.0-8,0,0,0,0,0,0,0,2025
7,"7 Vital Cloutier, Jean-Christophe",5,,13,9,22.0,0-0,0-0,0,1,0,0,0,0,0,2025
17,"17 Scharriter, Colin",12,,7,14,21.0,2.5-6,0-0,0,1,0,0,0,0,0,2025
1,"1 Fleischood Jr., Timmy",5,,9,8,17.0,2.0-6,0-0,0,0,0,0,0,0,0,2025
5,"5 Everette, Donovan",10,,8,5,13.0,2.5-15,1.0-12,0,2,0,0,1,0,0,2025
12,"12 Hill, Jaiden",10,,7,5,12.0,1.0-1,0-0,0,4,0,0,0,0,0,2025
31,"31 Hawkins Jr., Mark",10,,8,3,11.0,0-0,0-0,0,0,0,0,0,0,0,2025
0,"0 McDuffie Jr., Teddy",7,,7,4,11.0,1.0-2,0-0,0,0,0,0,0,0,0,2025
20,"20 Carter, Patrick",10,,5,5,10.0,1.0-2,0-0,1,0,0,0,0,0,0,2025
13,"13 Jordan, Anez",9,,8,2,10.0,0-0,0-0,0,2,0,0,0,0,0,2025
55,"55 McAndrews, Ramon",10,,3,7,10.0,0-0,0-0,0,0,0,0,0,0,0,2025
10,"10 Thompson, Chris",11,,7,2,9.0,0-0,0-0,3,7,0,0,0,0,0,2025
99,"99 Royal, James",10,,3,5,8.0,1.0-1,0-0,0,0,0,0,0,0,0,2025
42,"42 Harrington Jr., Mark",12,,3,4,7.0,0-0,0-0,0,0,0,0,0,0,0,2025
16,"16 Lemmons, Amir",5,,6,1,7.0,0-0,0-0,0,0,0,0,0,0,0,2025
97,"97 Lo-Ray, Shanard",9,,4,1,5.0,0-0,0-0,0,0,0,0,0,0,0,2025
28,"28 Washington, Broderick",4,,2,3,5.0,0-0,0-0,0,0,0,0,0,0,0,2025
36,"36 Bridges, Camariyon",10,,3,1,4.0,0-0,0-0,0,0,0,1,0,0,0,2025
15,"15 Chaney II, Arron",6,,0,3,3.0,0-0,0-0,0,0,0,0,0,0,0,2025
18,"18 Dlugos, Daniel",2,,2,1,3.0,0-0,0-0,0,0,0,0,1,0,0,2025
44,"44 Lin, Aidan",12,,3,0,3.0,0-0,0-0,0,0,0,0,0,0,0,2025
25,"25 Long III, Anthony",5,,2,1,3.0,0-0,0-0,0,0,0,0,0,0,0,2025
34,"34 Vazquez, Alejandro",8,,1,2,3.0,0-0,0-0,0,0,0,0,0,0,0,2025
25,"25 Askew, Jonathan",11,,2,0,2.0,0-0,0-0,0,0,0,0,0,0,0,2025
84,"84 Ferguson, Shakile",11,,2,0,2.0,0-0,0-0,0,0,0,0,0,0,0,2025
42,"42 Knox, Ethen",5,,1,1,2.0,0-0,0-0,0,0,0,0,0,0,0,2025
0,"0 Melendez, Colin",11,,1,1,2.0,0-0,0-0,0,0,0,0,0,0,0,2025
8,"8 Davison, Rylan",12,,1,0,1.0,0-0,0-0,0,0,0,0,0,0,0,2025
55,"55 Gary, Cadavius",10,,0,1,1.0,0-0,0-0,0,0,0,0,0,0,0,2025
35,"35 Grabowsky, Blaze",1,,0,1,1.0,0-0,0-0,0,0,0,0,0,0,0,2025
95,"95 Griffin, Lucien",3,,1,0,1.0,0-0,0-0,0,0,0,0,0,0,0,2025
81,"81 Hampton, Sha'lik",3,,1,0,1.0,0-0,0-0,0,0,0,0,0,0,0,2025
29,"29 Hughley, AJ",2,,0,1,1.0,0-0,0-0,0,0,0,0,0,0,0,2025
45,"45 Jones, Payton",2,,0,1,1.0,0-0,0-0,0,0,0,0,0,0,0,2025
48,"48 Marchbank, Mason",2,,1,0,1.0,0-0,0-0,0,0,0,0,0,0,0,2025
40,"40 Miller, Ryan",7,,0,1,1.0,0-0,0-0,0,0,0,0,0,0,0,2025
68,"68 Mora, Sean",7,,1,0,1.0,0-0,0-0,0,0,0,0,0,0,0,2025
52,"52 Petros, Samuel",12,,0,1,1.0,0-0,0-0,0,0,0,0,0,0,0,2025
3,"3 Rodriguez, Ayron",12,,0,1,1.0,0-0,0-0,0,0,0,0,0,0,0,2025
6,"6 Van Dyke, Evan",12,,1,0,1.0,0-0,0-0,0,0,0,0,0,0,0,2025
80,"80 Woods, Jason",11,,1,0,1.0,0-0,0-0,0,0,0,0,0,0,0,2025
70,"70 Yepez, Titus",7,,1,0,1.0,0-0,0-0,0,0,0,0,0,0,0,2025
23,"23 Evans, Dylan",12,,0,0,0,0-0,0-0,0,0,0,0,0,0,0,2025
22,"22 Gamble, Jameir",8,,0,0,0,0-0,0-0,0,0,0,0,0,0,0,2025
7,"7 Kerbacher, Joe",12,,0,0,0,0-0,0-0,0,0,0,0,0,0,0,2025
17,"17 Lewis, Camden",9,,0,0,0,0-0,0-0,0,0,0,0,0,0,0,2025
2,"2 Trobel, Brian",12,,0,0,0,0-0,0-0,0,0,0,0,0,0,0,2025
16,"16 Urena, Adam",12,,0,0,0,0-0,0-0,0,0,0,0,0,0,0,2025
83,"83 Wilson, Ashton",12,,0,0,0,0-0,0-0,0,0,0,0,0,0,0,2025
4,"4 Wright-Rawls, Taylor",8,,0,0,0,0-0,0-0,0,0,0,0,0,0,0,2025
91,"91 Young, Max",11,,0,0,0,0-0,0-0,0,0,0,0,0,0,0,2025
